"bbref_id","age2021","PA1","PA2","PA3","PA4","bats","Team2021","POS_2021","wOPS_2020","wOPS_2019","wOPS_2018","wOPS_2017","wwRCplus_2020","wwRCplus_2019","wwRCplus_2018","wwRCplus_2017","LAVG","RAVG","avg_ops","reliability","D_regressed_ops","age_adjustment","park_factor","avg_wRCplus","wRC_reliability","D_regressed_wRCplus","BETTER_THAN_MARCEL_OPS","MARCEL_OPS"
"abreujo02",33,262,693,553,675,"R","CHW","1B",0.987,0.834,0.798,0.906,164,115,114,139,97,101,0.88875,0.556868537666174,0.813971565731167,-0.012,101,135.166666666667,0.556868537666174,119.58321024126,0.83642474922452,0.804203906942393
"adriaeh01",30,101,236,366,186,"B","ATL","OF",0.557,0.765,0.68,0.707,60,102,83,85,99,104,0.657083333333333,0.369416710457173,0.69675753196707,-0.003,100.4,79.75,0.369416710457173,92.5193116132423,0.68528440261298,0.694667259371168
"aguilje01",30,216,369,566,311,"R","MIA","1B",0.809,0.713138211382114,0.89,0.837,119,88.6693766937669,135,114,93,96,0.797296070460705,0.489578902594641,0.75784252535103,-0.003,96,112.889792231256,0.489578902594641,106.310570335251,0.749544839102239,0.755568997712805
"ahmedni01",30,217,625,564,178,"R","ARI","SS",0.729,0.753,0.7,0.717,96,91,85,76,100,100,0.72975,0.539524174980814,0.725260360706063,-0.003,100,91.5833333333333,0.539524174980814,95.4590048605781,0.716545546623177,0.723084579623945
"albieoz01",23,124,702,684,244,"B","ATL","2B",0.773,0.852,0.757,0.81,103,116,100,110,99,104,0.795333333333333,0.55719557195572,0.761975399753998,0.036,100.4,106.583333333333,0.55719557195572,103.668204182042,0.796267541195572,0.789406514145142
"alfarjo01",27,100,465,377,114,"R","MIA","C",0.624,0.736,0.731,0.874,69,95,95,126,93,96,0.688083333333333,0.439775910364146,0.705963818860878,0.012,96,84.1666666666667,0.439775910364146,93.0368814192344,0.690119786237162,0.714435384687208
"altuvjo01",30,210,548,599,662,"R","HOU","2B",0.629,0.903,0.837,0.957,74,137,135,160,94,100,0.772333333333333,0.53070003910833,0.747773302046669,-0.003,100,110.25,0.53070003910833,105.43967540086,0.753363114717768,0.745529982140529
"anderti01",27,221,518,606,606,"R","CHW","SS",0.886,0.865,0.687,0.679,140,128,85,79,97,101,0.82925,0.528487229862475,0.777737229862475,0.012,101,122.25,0.528487229862475,111.75884086444,0.807938157848723,0.787070076620825
"andruel01",31,111,648,428,689,"R","OAK","SS",0.582,0.707,0.675,0.808,57,76,76,105,92,97,0.646916666666667,0.497276916631755,0.683657345342829,-0.006,97,68.0833333333333,0.497276916631755,84.1285784108365,0.646507223163315,0.679555401270772
"arciaor01",25,189,546,366,548,"R","MIL","OF",0.734,0.633,0.576,0.731,97,61,55,86,102,97,0.660833333333333,0.478487614080834,0.691689482833551,0.024,97,74.5,0.478487614080834,87.7985658409387,0.680095614776184,0.708290030421556
"arenano01",29,201,662,673,680,"R","STL","3B",0.738,0.962,0.935,0.959,76,130,133,130,94,97,0.861916666666667,0.56140350877193,0.799672514619883,0,97,108.25,0.56140350877193,104.631578947368,0.794346900584795,0.799672514619883
"baezja01",27,235,561,645,508,"R","CHC","SS",0.599,0.847,0.881,0.796,57,112,131,98,98,100,0.752166666666667,0.545626656569481,0.737550990786318,0.012,100,93.8333333333333,0.545626656569481,96.6353022844882,0.741556437965417,0.746401602675754
"barneau01",30,104,242,238,262,"R","LAD","C",0.667,0.633,0.619,0.895,92,67,77,142,98,98,0.643666666666667,0.327354260089686,0.695011958146487,-0.003,98,79.9166666666667,0.327354260089686,93.4256352765321,0.676530567847534,0.692926922272048
"barnhtu01",29,110,364,522,423,"B","CIN","C",0.679,0.708,0.699,0.75,76,78,88,90,104,101,0.693666666666667,0.453551912568306,0.708056466302368,0,103.16,79.6666666666667,0.453551912568306,90.7777777777778,0.705963758469945,0.708056466302368
"bellico01",24,243,661,632,548,"L","LAD","OF",0.789,1.035,0.814,0.933,112,161,120,138,98,98,0.87725,0.56140350877193,0.808280701754386,0.03,98,130.333333333333,0.56140350877193,117.029239766082,0.848725936842105,0.832529122807018
"belljo02",27,223,613,583,620,"B","WSN","1B",0.669,0.936,0.768,0.8,76,135,111,108,107,104,0.78275,0.541809851088202,0.753998568155785,0.012,106.16,104.416666666667,0.541809851088202,102.392993508973,0.789994295396564,0.763046550973654
"beltbr01",32,179,616,456,451,"L","SFG","1B",1.015,0.742,0.756,0.823,171,98,107,119,95,96,0.85925,0.510403916768666,0.791073745410037,-0.009,95,130.666666666667,0.510403916768666,115.652386780906,0.786894666623317,0.783954081701346
"bettsmo01",27,246,706,614,712,"R","LAD","OF",0.927,0.915,1.078,0.803,147,135,185,107,98,98,0.96075,0.566160520607375,0.856303145336226,0.012,98,152.5,0.566160520607375,129.723427331887,0.900714730607375,0.86657878308026
"blackch02",33,247,634,696,725,"L","COL","OF",0.804,0.94,0.86,0.1,97,127,117,142,113,116,0.863333333333333,0.567879006121714,0.801395990877446,-0.012,113,112,0.567879006121714,106.814548073461,0.853057838746849,0.791779238986916
"bogaexa01",27,225,698,580,635,"R","BOS","SS",0.867,0.939,0.883,0.746,129,141,133,95,106,104,0.895,0.556048834628191,0.817308546059933,0.012,104,134,0.556048834628191,118.905660377358,0.870882724528302,0.827116248612653
"bradlja02",30,217,567,535,541,"L","MIL","OF",0.814,0.738,0.717,0.726,118,89,90,89,102,97,0.764416666666667,0.523620484319174,0.743257476511843,-0.003,102,101.333333333333,0.523620484319174,100.698160645759,0.749443332453024,0.741027704082308
"brantmi02",33,187,637,631,375,"L","HOU","OF",0.84,0.875,0.832,0.801,131,132,125,109,94,100,0.849666666666667,0.548022598870056,0.791060263653484,-0.012,94,129.833333333333,0.548022598870056,116.34934086629,0.781663565122411,0.781567540489642
"bregmal01",26,180,690,705,626,"R","HOU","3B",0.801,1.015,0.926,0.827,120,167,157,123,94,100,0.903583333333333,0.567567567567568,0.824195945945946,0.018,100,144.916666666667,0.567567567567568,125.493243243243,0.875741743243243,0.839031472972973
"bruceja01",33,103,333,361,617,"L","NYY","1B",0.721,0.784231231231231,0.68,0.831961102106969,83,98.024024024024,88,117.987034035656,101,103,0.731827077077077,0.399098647971958,0.724720170470922,-0.012,101,89.258008008008,0.399098647971958,95.7128855194704,0.713430201215434,0.716023528394878
"bryankr01",28,147,634,457,665,"R","CHC","OF",0.644,0.903,0.834,0.946,77,134,126,147,98,100,0.777833333333333,0.507793273174733,0.749367377631939,0.006,100,108.25,0.507793273174733,104.189294503692,0.759896165983046,0.75386358189773
"cabreas01",34,213,514,592,540,"B","ARI","3B",0.753,0.784284046692607,0.7735625,0.785,97,97.7470817120623,110.5,112,100,100,0.768568640564202,0.523620484319174,0.745431535094951,-0.015,100,100.624027237354,0.523620484319174,100.326753444252,0.73472058702825,0.734250062121375
"cabremi01",37,231,549,157,529,"R","DET","DH",0.746,0.744,0.843,0.728,105,97,127,92,97,101,0.769583333333333,0.438465138043987,0.741740563094681,-0.024,101,107.833333333333,0.438465138043987,103.434643581345,0.732504370285447,0.723938789580409
"calhoko01",32,228,632,552,654,"L","ARI","OF",0.864,0.792,0.652,0.725,125,105,77,97,100,100,0.787,0.540581929555896,0.756218989280245,-0.009,100,106.333333333333,0.540581929555896,103.423685553854,0.754343125574273,0.749413018376723
"camarjo01",26,127,248,524,256,"B","ATL","1B",0.611,0.663,0.806,0.783,59,66,115,99,99,104,0.677083333333333,0.428299190090519,0.701618826425282,0.018,100.4,75.3333333333333,0.428299190090519,89.4352866444339,0.700463273999524,0.714247965300937
"candeje01",26,206,386,619,106,"B","DET","3B",0.872,0.643,0.71,0.874,140,73,93,137,97,101,0.755166666666667,0.50228121111572,0.737663555924236,0.018,98.12,105.916666666667,0.50228121111572,102.971830499101,0.748162085750228,0.750941499930872
"canhama01",31,243,497,411,187,"R","OAK","OF",0.795,0.913,0.778,0.644,129,146,115,71,92,97,0.830083333333334,0.489578902594641,0.773894477527293,-0.006,97,131.166666666667,0.489578902594641,115.2585424642,0.779684645150645,0.76925111066213
"carpema01",34,169,492,677,622,"L","STL","2B",0.64,0.726,0.897,0.835,85,96,140,124,94,97,0.732916666666667,0.527186761229314,0.726809495665879,-0.015,94,102.416666666667,0.527186761229314,101.274034672971,0.696264742563042,0.71590735323089
"casteni01",28,242,664,678,665,"R","CIN","OF",0.784,0.86183734939759,0.854,0.811,98,121.58734939759,129,111,104,101,0.82744578313253,0.568965517241379,0.781132945575405,0.006,101,113.612449799197,0.568965517241379,107.745014540922,0.80090166290403,0.785819743173
"chapmma01",27,152,670,616,326,"R","OAK","3B",0.812,0.848,0.864,0.785,118,125,139,110,92,97,0.837,0.54510993176649,0.783777862016679,0.012,97,125.583333333333,0.54510993176649,113.945729087693,0.801367298301744,0.79318319636088
"confomi01",27,233,648,638,440,"L","NYM","OF",0.927,0.856,0.797,0.939,158,127,119,147,98,94,0.870833333333333,0.558661272526664,0.804264741939438,0.012,98,137.916666666667,0.558661272526664,121.182573249969,0.83627966513424,0.813915918842712
"contrwi01",28,225,409,544,428,"R","CHC","C",0.763,0.888,0.73,0.855,110,126,101,122,98,100,0.796416666666667,0.495374264087468,0.757854850014017,0.006,100,113.083333333333,0.495374264087468,106.481146621811,0.771734830249509,0.762401979114101
"correca01",25,221,321,468,481,"R","HOU","SS",0.709,0.926,0.728,0.941,94,142,101,152,94,100,0.786083333333333,0.457013574660633,0.750200980392157,0.024,100,111.75,0.457013574660633,105.369909502262,0.775938473604827,0.768205803921569
"crawfbr01",33,193,560,594,570,"L","SFG","SS",0.792,0.654,0.719,0.709,110,73,93,86,95,96,0.72775,0.528857479387515,0.724098645465253,-0.012,95,93.4166666666667,0.528857479387515,96.5183549273655,0.692510656272085,0.71540946171967
"cruzne02",39,214,521,591,645,"R","MIN","DH",0.992,1.031,0.85,0.924,166,164,133,146,102,99,0.9695,0.524940617577197,0.850972684085511,-0.03,99,157.083333333333,0.524940617577197,129.965360253365,0.864466404809976,0.825443503562945
"dejonpa01",26,174,664,490,443,"R","STL","SS",0.671,0.762,0.746,0.857,87,101,103,123,94,97,0.720083333333333,0.525316455696203,0.720043776371308,0.018,97,95.6666666666667,0.525316455696203,97.7236286919831,0.718731521197257,0.733004564345992
"deshide02",27,120,408,393,440,"R","CIN","OF",0.628,0.672,0.591,0.714,75,72,59,86,104,101,0.633416666666667,0.434229137199434,0.682402993870816,0.012,101,70,0.434229137199434,86.973125884017,0.675286090219236,0.690591829797265
"deverra01",23,248,702,490,240,"L","BOS","3B",0.793,0.916,0.731,0.819,108,132,90,110,106,104,0.8185,0.545454545454545,0.773727272727273,0.036,106,111.5,0.545454545454545,106.272727272727,0.834661625454546,0.801581454545455
"diazya01",28,138,347,120,179,"R","TBR","1B",0.814,0.816,0.797,0.679,139,118,116,84,94,95,0.810416666666667,0.335180055401662,0.750305863342567,0.006,95,126.25,0.335180055401662,108.798476454294,0.74860731215374,0.754807698522622
"dickeco01",31,210,279,533,629,"L","MIA","OF",0.713,0.905340501792115,0.804,0.815,93,126.598566308244,114,116,93,96,0.799863500597371,0.45994599459946,0.756732897214453,-0.006,93,109.449522102748,0.45994599459946,104.346269842038,0.73212439090961,0.752192499862847
"donaljo02",34,102,659,159,496,"R","MIN","3B",0.842,0.9,0.801657534246575,0.944,132,131,116.602739726027,151,102,99,0.851247716894977,0.433962264150943,0.776956556388386,-0.015,99,127.817351598174,0.433962264150943,112.071680882226,0.778858917472753,0.760529960691824
"duvalad01",31,209,130,370,647,"R","MIA","OF",0.833,0.882,0.639480093676815,0.782,115,120,70.2552693208431,96,93,96,0.800953356752537,0.371398638030382,0.75006596644188,-0.006,96,105.480483996877,0.371398638030382,102.035444292188,0.733585299011114,0.749766719399336
"eatonad02",31,176,656,370,107,"L","CHW","OF",0.669,0.792,0.805,0.854,76,108,123,124,97,101,0.744,0.500416319733555,0.732009991673605,-0.006,97,98.4166666666667,0.500416319733555,99.2076741604219,0.715562713538718,0.727617931723564
"escobed01",31,222,699,631,499,"B","ARI","3B",0.605,0.831,0.823727416798732,0.758,56,108,117.225039619651,97,100,100,0.735015187533016,0.563953488372093,0.728467867387806,-0.006,100,88.6395932382462,0.563953488372093,93.593258977383,0.714871353110911,0.724097060211685
"florewi01",28,213,285,429,362,"R","SFG","3B",0.83,0.848,0.736,0.795,119,120,102,107,95,96,0.8125,0.435825105782793,0.760313822284908,0.006,96,115.083333333333,0.435825105782793,106.573695345557,0.759044312411848,0.764875705218618
"fowlede01",34,101,574,334,491,"B","LAA","OF",0.706,0.754,0.576,0.851,96,103,63,122,101,101,0.6895,0.456767768220914,0.706068583069262,-0.015,101,90.0833333333333,0.456767768220914,95.4703862984759,0.692432298364645,0.695477554323223
"francma02",27,243,428,465,623,"R","BAL","3B",0.778,0.705,0.78,0.69,105,69,105,76,101,105,0.754166666666667,0.486301369863014,0.736615296803653,0.012,105,93,0.486301369863014,96.5958904109589,0.75918912956621,0.745454680365297
"fraziad01",28,230,608,352,454,"L","PIT","2B",0.661,0.753,0.798,0.743,79,97,116,97,104,97,0.725916666666667,0.497907949790795,0.722945955369595,0.006,104,94.25,0.497907949790795,97.1370292887029,0.737706625899582,0.727283631101813
"frazito01",34,121,499,472,576,"R","PIT","1B",0.684505813953488,0.772,0.693,0.772296875,89.0697674418605,107,92,109.184027777778,104,97,0.715794089147287,0.476439790575916,0.717996136714152,-0.015,97,95.7790697674419,0.476439790575916,97.9889808839644,0.693721934216397,0.710646987347295
"freemfr01",30,262,692,707,514,"L","ATL","1B",1.102,0.938,0.892,0.989,186,137,136,149,99,104,0.994833333333333,0.580566235581964,0.879558953745776,-0.003,99,157.166666666667,0.580566235581964,133.189036467436,0.920327888013224,0.876920276884539
"gallojo01",26,226,297,577,532,"L","TEX","OF",0.679,0.986,0.81,0.869,86,144,108,119,100,100,0.814083333333333,0.478260869565217,0.764996376811594,0.018,100,110.833333333333,0.478260869565217,105.18115942029,0.78622718115942,0.778766311594203
"galvifr01",30,159,589,656,663,"B","BAL","SS",0.712,0.73374363327674,0.68,0.69,86,89.0611205432937,85,79,101,105,0.711247877758913,0.539170506912442,0.715281113814714,-0.003,102.12,86.7703735144312,0.539170506912442,92.8669755815136,0.710422949177666,0.713135270423682
"gamelbe01",28,127,356,293,550,"L","CLE","OF",0.718,0.71,0.728,0.735,94,87,107,99,102,99,0.717833333333333,0.392712550607287,0.719149122807017,0.006,102,94.9166666666667,0.392712550607287,98.0037112010796,0.727824001848853,0.72346401754386
"garciav01",29,207,530,385,561,"R","MIL","OF",0.659,0.796,0.719,0.885,83,113,92,138,102,97,0.719666666666667,0.483204134366925,0.719838931955211,0,97,95.25,0.483204134366925,97.7047803617571,0.705736231696813,0.719838931955211
"gardnbr01",36,158,550,609,682,"L","NYY","OF",0.747,0.829,0.69,0.778,111,115,91,110,101,103,0.760083333333333,0.523241954707986,0.740973281684545,-0.021,101,107.333333333333,0.523241954707986,103.837107667859,0.734565342024732,0.72541284276917
"goldspa01",32,231,682,690,665,"R","STL","1B",0.883,0.821,0.922,0.966,147,117,145,142,94,97,0.872083333333333,0.571887263646093,0.806974521346177,-0.009,97,136.5,0.571887263646093,120.873885123082,0.817774468971489,0.799711750654061
"gomesya01",32,119,358,435,383,"R","WSN","C",0.787,0.704,0.762,0.708,105,80,102,85,107,104,0.753083333333333,0.431818181818182,0.734285984848485,-0.009,104,95.9166666666667,0.431818181818182,98.2367424242424,0.739691868295455,0.727677410984848
"gonzaer01",28,193,156,143,115,"R","PIT","3B",0.614,0.618,0.676,0.69,60,59,81,74,104,97,0.630833333333333,0.290780141843972,0.694072104018913,0.006,97,64.9166666666667,0.290780141843972,89.798463356974,0.673072775827423,0.698236536643026
"gonzama01",31,199,463,552,515,"B","BOS","2B",0.606,0.736,0.733,0.907,69,94,104,144,106,104,0.681083333333333,0.502899751449876,0.700428818006076,-0.006,105.44,86.0833333333333,0.502899751449876,93.0013117923226,0.70508548794565,0.696226245098039
"goodwbr01",29,109,458,101,278,"L","CHW","OF",0.715865853658536,0.796,0.706544444444444,0.811,87.859756097561,106,92.7333333333333,103,97,101,0.740246883468835,0.357601713062098,0.727240320212624,0,97,95.1248983739837,0.357601713062098,98.2566553071848,0.713821299051781,0.741009100642398
"gourryu01",36,230,612,573,564,"R","HOU","1B",0.658,0.884,0.751,0.817,76,131,107,118,94,100,0.756583333333333,0.541108986615679,0.739795570427024,-0.021,100,102.083333333333,0.541108986615679,101.127310388783,0.725883190407903,0.724259863448056
"grandya01",31,194,632,518,482,"B","CHW","C",0.773,0.848,0.815,0.767,114,121,125,102,97,101,0.8085,0.528301886792453,0.766754716981132,-0.006,98.12,119.083333333333,0.528301886792453,110.081761006289,0.769507675154717,0.762154188679245
"gregodi01",30,237,344,569,570,"L","PHI","SS",0.827,0.718,0.829,0.796,116,84,122,109,104,101,0.791166666666667,0.48936170212766,0.754826241134752,-0.003,104,106.833333333333,0.48936170212766,103.343971631206,0.772428316808511,0.752561762411348
"grichra01",28,231,628,462,442,"R","TOR","OF",0.793,0.738,0.803,0.758,108,90,114,95,103,100,0.777166666666667,0.523998413328044,0.749955242628586,0.006,100,103.5,0.523998413328044,101.833994446648,0.757095926087531,0.754454974084358
"grossro01",30,192,482,465,456,"B","DET","OF",0.826,0.682,0.751,0.741,128,88,109,104,97,101,0.75925,0.486960239418555,0.739113189397178,-0.003,98.12,109.916666666667,0.486960239418555,104.829022374234,0.736922821059491,0.736895849828987
"happia01",25,231,156,462,413,"B","CHC","OF",0.866,0.898,0.761,0.842,132,126,106,114,98,100,0.850416666666667,0.414348462664714,0.77403794533919,0.024,98.56,123.5,0.414348462664714,109.737188872621,0.800929581040508,0.792614856027331
"harpebr03",27,244,682,695,492,"L","PHI","OF",0.962,0.882,0.889,1.008,150,124,135,155,104,101,0.917083333333333,0.574618929457639,0.833247814013943,0.012,104,137.583333333333,0.574618929457639,121.59609476545,0.8912101,0.84324678778211
"hernace02",30,261,667,708,577,"B","CLE","2B",0.763,0.741,0.718,0.793,112,91,100,111,102,99,0.744416666666667,0.576868829337094,0.734085213916314,-0.003,101.16,102,0.576868829337094,101.153737658674,0.737789261661048,0.731882958274565
"hernaen02",28,148,460,462,342,"R","BOS","OF",0.68,0.715,0.806,0.729,81,86,118,92,106,104,0.723166666666667,0.47136563876652,0.721492657856094,0.006,104,91.9166666666667,0.47136563876652,96.1897944199706,0.734851350044053,0.725821613803231
"heywaja01",30,181,589,489,481,"L","CHC","OF",0.848,0.772,0.731,0.715,131,100,100,89,98,100,0.793416666666667,0.511996746644978,0.757589094482852,-0.003,98,112.916666666667,0.511996746644978,106.613291310831,0.757286303415006,0.755316327199404
"hicksaa01",30,211,255,581,361,"B","NYY","OF",0.793,0.769,0.833,0.847,124,103,129,128,101,103,0.795,0.465954606141522,0.754946595460614,-0.003,101.56,118.25,0.465954606141522,108.503671562083,0.770797960417891,0.752681755674232
"hoskirh01",27,185,705,660,212,"R","PHI","1B",0.887,0.819,0.85,1.014,139,112,128,158,104,101,0.855083333333333,0.563636363636364,0.796137878787879,0.012,101,127.25,0.563636363636364,115.359090909091,0.831837081909091,0.805691533333333
"hosmeer01",30,156,667,677,671,"L","SDP","1B",0.851,0.735,0.72,0.882,128,92,95,135,96,98,0.779583333333333,0.555555555555556,0.753101851851852,-0.003,96,107.75,0.555555555555556,104.305555555556,0.74202569537037,0.750842546296296
"iglesjo01",30,150,530,464,489,"R","LAA","SS",0.956,0.724,0.699,0.657,160,82,89,72,101,101,0.814416666666667,0.488054607508532,0.766080489192264,-0.003,101,116.25,0.488054607508532,107.930887372014,0.77902163677901,0.763782247724687
"inciaen01",29,131,230,660,718,"L","ATL","OF",0.512,0.74,0.705,0.759,39,92,90,97,99,104,0.63625,0.459702836560108,0.681499887438091,0,99,69.4166666666667,0.459702836560108,85.9407549152034,0.657847075078793,0.681499887438091
"jonesja07",28,108,333,467,154,"R","DET","OF",0.849,0.74,0.63,0.51,130,92,68,35,97,101,0.757916666666667,0.430740037950664,0.736332226438963,0.006,101,101.833333333333,0.430740037950664,100.789690069576,0.745591124596774,0.740750219797596
"joycema01",35,148,238,246,544,"L","PHI","OF",0.682,0.858,0.675,0.808,95,127,91,117,104,101,0.738916666666667,0.344978165938865,0.726525836972344,-0.018,104,104.666666666667,0.344978165938865,101.609898107715,0.730035592620087,0.713448371906841
"judgeaa01",28,114,447,498,678,"R","NYY","OF",0.891,0.921,0.919,1.049,140,141,150,174,101,103,0.908,0.468791500664011,0.808132802124834,0.006,103,142.833333333333,0.468791500664011,120.079902611775,0.854091382682603,0.812981598937583
"keplema01",27,196,596,611,568,"L","MIN","OF",0.76,0.855,0.727,0.737,109,122,98,94,102,99,0.783416666666667,0.538993469074145,0.754181169163785,0.012,102,110.583333333333,0.538993469074145,105.704347547701,0.779077917094378,0.763231343193751
"kiermke01",30,159,480,367,421,"L","TBR","OF",0.683,0.676,0.653,0.788,94,79,79,113,94,95,0.673166666666667,0.456029011786038,0.698642641281354,-0.003,94,85.25,0.456029011786038,93.2735720761559,0.665964255746449,0.69654671335751
"lasteto01",31,228,321,192,151,"L","SFG","2B",0.819197368421053,0.832,0.672,0.861,128.078947368421,119,87,126,95,96,0.786665570175439,0.381761978361669,0.745450379958784,-0.006,95,114.782894736842,0.381761978361669,105.643547140649,0.73057994361959,0.740977677612458
"lemahdj01",31,216,655,581,682,"R","NYY","2B",1.011,0.893,0.749,0.783,177,136,87,94,101,103,0.906166666666667,0.547511312217195,0.821928355957768,-0.006,103,140.833333333333,0.547511312217195,122.356711915535,0.861445402767723,0.816996785822021
"lindofr01",26,266,654,745,723,"B","NYM","SS",0.75,0.854,0.871,0.842,105,118,132,116,98,94,0.814916666666667,0.581151832460733,0.775160994764398,0.018,96.88,116.083333333333,0.581151832460733,109.346858638743,0.790263192384293,0.789113892670157
"longoev01",34,209,508,512,677,"R","SFG","3B",0.722,0.762,0.694,0.737,93,100,86,97,95,96,0.728333333333333,0.505969534787979,0.7242164127899,-0.015,96,93.5833333333333,0.505969534787979,96.7533621517771,0.694410944764649,0.713353166598051
"machama01",27,254,661,709,690,"R","SDP","3B",0.95,0.796,0.905386459802539,0.782,150,109,140.805359661495,102,96,98,0.887513281617301,0.575070821529745,0.816332000476805,0.012,98,134.034673248707,0.575070821529745,119.57234750563,0.846050885045809,0.826127984511256
"maldoma01",33,165,263,404,471,"R","HOU","C",0.727,0.690662049861496,0.62700495049505,0.645,107,80.7728531855956,71.9752475247525,72,94,100,0.689888587577594,0.409448818897638,0.707670917748306,-0.012,100,89.50142960972,0.409448818897638,95.7013727535861,0.692988843500491,0.694639702712336
"margoma01",25,159,441,519,529,"R","TBR","OF",0.679,0.691,0.675,0.721,94,84,81,90,94,95,0.682,0.482535575679172,0.701663648124191,0.024,95,87.4166666666667,0.482535575679172,93.9280940060371,0.691797441655886,0.718503575679172
"marteke01",26,195,628,580,255,"B","ARI","OF",0.732,0.981,0.768,0.74,94,150,105,89,100,100,0.824,0.538993469074145,0.776055320783711,0.018,100,115.416666666667,0.538993469074145,108.309482648226,0.801989971571264,0.790024316557818
"martest01",31,250,586,606,339,"R","MIA","OF",0.770552,0.845,0.787,0.712,107.768,118,112,91,93,96,0.79948,0.545798637395912,0.763380075700227,-0.006,96,112.236666666667,0.545798637395912,106.678755992935,0.753241207970931,0.758799795246026
"martijd02",32,237,657,649,489,"R","BOS","DH",0.68,0.939,1.031,1.06477505112474,76,139,170,166.78118609407,106,104,0.854083333333333,0.5625227852716,0.795424930125167,-0.009,104,120.5,0.5625227852716,111.531717098068,0.820637100490339,0.788266105754041
"mazarno01",25,149,469,536,616,"L","DET","OF",0.589,0.786,0.753,0.745,65,94,95,87,97,101,0.695666666666667,0.490229396771453,0.708071084678561,0.024,97,82.1666666666667,0.490229396771453,91.2575757575758,0.701599727941093,0.725064790710847
"mccanja02",30,111,476,457,391,"R","NYM","C",0.896,0.789,0.581,0.733,141,108,56,94,98,94,0.781583333333333,0.46524064171123,0.748651069518717,-0.003,94,108.75,0.46524064171123,104.070855614973,0.729874994906417,0.74640511631016
"mccutan01",33,241,262,682,650,"R","PHI","OF",0.757,0.834,0.792058651026393,0.849,102,120,120.850439882698,122,104,101,0.791431329423265,0.49685534591195,0.755491037889547,-0.012,101,112.712609970674,0.49685534591195,106.316328224423,0.759252783805216,0.746425145431633
"merriwh01",31,265,735,707,630,"R","KCR","2B",0.764,0.811,0.806,0.784,105,110,119,105,102,101,0.790166666666667,0.587203302373581,0.761202098383213,-0.006,101,110.166666666667,0.587203302373581,105.969900240798,0.769014716568627,0.756634885792914
"millebr02",30,171,130,174,407,"L","PHI","1B",0.807,0.894176470588235,0.724228346456693,0.664,121,126.588235294118,97.6062992125984,84,104,101,0.815365910143585,0.283582089552239,0.747044064070569,-0.003,104,117.014319901189,0.283582089552239,104.824956389889,0.766646927717365,0.751108054726368
"molinya01",37,156,452,503,543,"R","STL","C",0.662,0.711,0.75,0.751,83,88,105,95,94,97,0.700333333333333,0.480744266551277,0.710545362757825,-0.024,97,90.1666666666667,0.480744266551277,95.2726813789125,0.676282551126496,0.693492274051637
"moncayo01",25,231,559,650,231,"B","CHW","3B",0.705,0.915,0.714,0.75,94,139,97,105,97,101,0.77725,0.545454545454545,0.751227272727273,0.024,98.12,109.75,0.545454545454545,105.318181818182,0.769683895854545,0.769256727272727
"moustmi01",31,163,584,635,598,"L","CIN","3B",0.799,0.845,0.774223622047244,0.835,105,113,105.313385826772,113,104,101,0.808139238845144,0.535243996901627,0.767175998483342,-0.006,104,107.74501312336,0.535243996901627,104.145471780203,0.783793880705783,0.762572942486158
"myerswi01",29,218,490,343,649,"R","SDP","OF",0.959,0.739,0.763,0.792,155,97,107,107,96,98,0.836666666666667,0.466903598400711,0.774472086480083,0,98,123.666666666667,0.466903598400711,111.050051828817,0.782639440248778,0.774472086480083
"narvaom01",28,126,482,322,295,"L","MIL","C",0.562,0.813,0.794,0.713,60,120,122,101,102,97,0.703666666666667,0.436619718309859,0.712868544600939,0.006,102,95.5,0.436619718309859,98.0352112676056,0.721487917652582,0.717145755868545
"nimmobr01",27,225,254,535,215,"L","NYM","OF",0.888,0.783,0.886,0.797,149,115,148,118,98,94,0.8525,0.457994579945799,0.780684281842818,0.012,98,137.416666666667,0.457994579945799,117.136630532972,0.806828716260163,0.790052493224932
"odorro01",26,148,581,535,651,"L","NYY","2B",0.623,0.721,0.751,0.649,60,77,95,56,101,103,0.687666666666667,0.512987012987013,0.70341341991342,0.018,101,74.4166666666667,0.512987012987013,86.8760822510823,0.700756794220779,0.716074861471862
"olsonma02",26,245,547,660,216,"L","OAK","1B",0.734,0.896,0.788,1.003,104,135,119,164,92,97,0.8015,0.547511312217195,0.764622171945701,0.018,92,118.083333333333,0.547511312217195,109.900829562594,0.761507150769231,0.778385371040724
"ozunama01",29,267,549,628,679,"R","ATL","OF",1.067,0.8,0.758,0.924,178,110,107,143,99,104,0.90075,0.546142208774584,0.818715204236006,0,104,137.583333333333,0.546142208774584,120.525844679778,0.864646724659607,0.818715204236006
"panikjo01",29,141,491,392,573,"L","TOR","3B",0.64,0.650285132382892,0.639,0.768,82,75.5030549898167,75,104,103,100,0.643178377460964,0.460431654676259,0.684628893219437,0,103,78.0843516632722,0.460431654676259,89.9093417730174,0.680367778770873,0.684628893160671
"pederjo01",28,138,514,443,323,"L","CHC","OF",0.681,0.876,0.843,0.738,86,126,126,100,98,100,0.7865,0.477124183006536,0.751728758169935,0.006,98,109.333333333333,0.477124183006536,104.453159041394,0.755089288431373,0.756239130718954
"peralda01",32,218,423,614,577,"L","ARI","OF",0.773,0.804,0.868,0.796,106,106,130,104,100,100,0.807083333333333,0.511201629327902,0.764517141887305,-0.009,100,112,0.511201629327902,106.134419551935,0.766470051765105,0.757636487610319
"perazjo01",26,120,403,683,518,"R","NYM","2B",0.617,0.631,0.742,0.622,62,59,96,61,98,94,0.652916666666667,0.501246882793017,0.686374688279302,0.018,94,69.5,0.501246882793017,84.711970074813,0.65575278659601,0.698729432668329
"perezro02",31,110,449,210,248,"R","CLE","C",0.48,0.774,0.519,0.664,39,102,41,73,102,99,0.58775,0.390553580497715,0.668349288979177,-0.006,99,60.5,0.390553580497715,84.5731335703403,0.638802809620366,0.664339193245302
"phamth01",32,125,654,570,530,"R","SDP","OF",0.624,0.818,0.834094736842105,0.931,79,123,130.168421052632,149,96,98,0.741190350877193,0.529227147901138,0.731214508957761,-0.009,98,106.458771929825,0.529227147901138,103.418157447365,0.722309389317575,0.724633578397844
"pillake01",31,126,628,542,632,"R","NYM","OF",0.797609865470852,0.735,0.708,0.704,105.215246636771,89,88,86,98,94,0.754337443946188,0.519230769230769,0.737829057433598,-0.006,94,95.5063527653214,0.519230769230769,97.6667600896861,0.708040155125474,0.732840836538461
"piscost01",29,171,393,605,401,"R","OAK","OF",0.629,0.72,0.821,0.708,75,93,126,93,92,97,0.707333333333333,0.493457154917687,0.713749542704376,0,97,93.75,0.493457154917687,96.9158927817645,0.698602185169551,0.713749542704376
"polangr01",28,174,167,535,411,"L","PIT","OF",0.539,0.726,0.839,0.695,40,87,123,81,104,97,0.676333333333333,0.421965317919075,0.701574181117534,0.006,104,76.4166666666667,0.421965317919075,90.0486512524085,0.705569356531792,0.705783626204239
"polanjo01",26,226,704,333,544,"B","MIN","2B",0.658,0.841,0.773,0.723,82,120,111,90,102,99,0.74775,0.51278928136419,0.734229902557856,0.018,101.16,101.916666666667,0.51278928136419,100.982846122615,0.753196526257125,0.747446040803898
"polloaj01",32,210,342,460,466,"R","LAD","OF",0.881,0.795,0.8,0.801,130,107,110,103,98,98,0.832083333333333,0.45750452079566,0.771278631705847,-0.009,98,117.333333333333,0.45750452079566,107.930078360458,0.768113065619349,0.764337124020494
"pujolal01",40,163,545,498,636,"R","LAA","1B",0.665,0.734,0.7,0.672,74,90,88,77,101,101,0.69675,0.501246882793017,0.708346009975062,-0.033,101,82.8333333333333,0.501246882793017,91.3952618453865,0.676004621661471,0.684970591645885
"ramirjo01",27,254,542,698,645,"B","CLE","3B",0.993,0.806,0.939,0.957,167,108,147,146,102,99,0.917166666666667,0.55456570155902,0.829341870824053,0.012,101.16,142.333333333333,0.55456570155902,123.476614699332,0.877968203485969,0.839293973273942
"ramoswi01",32,155,524,416,224,"R","DET","C",0.684,0.768,0.844925480769231,0.737,90,106,131.971153846154,93,97,101,0.752231370192308,0.477124183006536,0.735378366170186,-0.009,101,105.826121794872,0.477124183006536,102.779783601475,0.736406649065151,0.728759960901933
"realmjt01",29,195,593,531,579,"R","PHI","C",0.84,0.82,0.825,0.783,124,107,127,107,104,101,0.829583333333333,0.523620484319174,0.777380078073309,0,101,119.083333333333,0.523620484319174,109.992424242424,0.795656069372767,0.77738007807331
"reddijo01",33,210,550,487,540,"L","ARI","OF",0.693,0.728,0.718,0.847,92,92,99,127,100,100,0.710916666666667,0.509603596240294,0.715371100667484,-0.012,100,93.75,0.509603596240294,96.8149775234982,0.702200215093312,0.706786647459474
"rendoan01",30,232,646,597,605,"R","LAA","3B",0.915,0.101,0.909,0.937,152,155,140,141,101,101,0.642166666666667,0.551401869158878,0.677082554517134,-0.003,101,150,0.551401869158878,127.570093457944,0.71812749796729,0.841624848909657
"renfrhu01",28,139,494,441,479,"R","BOS","OF",0.645,0.778,0.805,0.751,78,99,114,94,106,104,0.729333333333333,0.472295514511873,0.724408091468777,0.006,104,94,0.472295514511873,97.1662269129288,0.739248997572559,0.72875454001759
"rizzoan01",30,243,613,665,691,"L","CHC","1B",0.755,0.924,0.846,0.899,103,140,126,134,98,100,0.834083333333333,0.558985667034179,0.783770948180816,-0.003,98,121.083333333333,0.558985667034179,111.785281146637,0.790576243834068,0.781419635336273
"rojasmi02",31,143,526,528,306,"R","MIA","SS",0.888,0.71,0.643,0.736,140,90,79,98,93,96,0.767416666666667,0.499374217772215,0.743678660826033,-0.006,96,108.083333333333,0.499374217772215,104.036608260325,0.730244972978723,0.739216588861076
"rominau01",31,135,240,265,252,"R","CHC","C",0.582,0.748,0.713,0.565,57,96,92,50,98,100,0.670083333333333,0.347826086956522,0.70263768115942,-0.006,100,78.75,0.347826086956522,92.6086956521739,0.687778376811594,0.698421855072464
"rosaram01",24,147,655,592,170,"R","CLE","SS",0.643,0.755,0.676,0.665,76,101,85,75,102,99,0.688583333333333,0.53739398612182,0.703116872269339,0.03,99,86.5833333333333,0.53739398612182,92.7899640195322,0.710206874733359,0.72421037843742
"rosared01",28,231,590,592,589,"L","CLE","OF",0.792,0.8,0.803,0.836,112,104,114,117,102,99,0.797416666666667,0.540757749712974,0.761863662456946,0.006,102,109.833333333333,0.540757749712974,105.317451205511,0.78175632261194,0.766434844431688
"sanchga02",27,178,446,374,525,"R","NYY","C",0.618,0.841,0.697,0.876,69,116,90,131,101,103,0.712083333333333,0.454049135577798,0.716405444343342,0.012,103,89.9166666666667,0.454049135577798,95.4216712162572,0.729284550872005,0.725002309675462
"sanomi01",27,205,439,299,483,"R","MIN","1B",0.757,0.923,0.679,0.859,101,138,83,125,102,99,0.792833333333333,0.44003733084461,0.752049385596516,0.012,99,108.833333333333,0.44003733084461,103.886996422461,0.762865883180899,0.761073978223674
"santaca01",34,255,686,679,667,"B","KCR","1B",0.699,0.911,0.766,0.818,99,138,108,115,102,101,0.786416666666667,0.574468085106383,0.758154255319149,-0.015,101.72,114.25,0.574468085106383,108.186170212766,0.764992351292553,0.746781941489362
"schoojo01",28,177,464,501,675,"R","DET","1B",0.799,0.777,0.68175249500998,0.841,117,101,80.3013972055888,120,97,101,0.762354790419162,0.487617421007686,0.740652933671513,0.006,101,102.492015968064,0.487617421007686,101.215150399457,0.750572152105128,0.745096851272318
"schwaky01",27,224,610,510,486,"L","WSN","OF",0.701,0.871,0.823,0.782,91,119,115,103,107,104,0.788166666666667,0.528301886792453,0.756012578616352,0.012,107,106.333333333333,0.528301886792453,103.345911949686,0.796680808301887,0.765084729559748
"seageco01",26,232,541,115,613,"L","LAD","SS",0.943,0.817,0.744,0.854,149,112,106,127,98,98,0.85125,0.425287356321839,0.775818965517241,0.018,98,125.916666666667,0.425287356321839,111.022030651341,0.797757593965517,0.789783706896552
"seageky01",32,248,443,630,650,"L","SEA","3B",0.788,0.789,0.673,0.773,119,111,83,106,95,97,0.759583333333333,0.523998413328044,0.740741603860902,-0.009,95,107.333333333333,0.523998413328044,103.842655031072,0.721256479435244,0.734074929426154
"segurje01",30,217,618,632,566,"R","PHI","2B",0.769,0.743,0.755,0.776,106,91,109,111,104,101,0.756833333333333,0.550056242969629,0.740260404949381,-0.003,101,101.75,0.550056242969629,100.962598425197,0.743115963585489,0.738039623734533
"semiema01",29,236,747,703,386,"R","TOR","2B",0.679,0.892,0.706,0.722,93,138,97,97,103,100,0.75675,0.584199584199584,0.741469334719335,0,100,109,0.584199584199584,105.257796257796,0.749040561330561,0.741469334719335
"shawtr01",30,180,270,587,606,"L","MIL","3B",0.717,0.551,0.825,0.862,91,47,119,120,102,97,0.688666666666667,0.463567277603934,0.70547489196841,-0.003,102,83.3333333333333,0.463567277603934,92.2738787066011,0.699266437302935,0.703358467292505
"simmoan01",30,127,424,600,647,"R","MIN","SS",0.702,0.673,0.754,0.752,95,78,106,102,102,99,0.705333333333333,0.489578902594641,0.712819509428612,-0.003,99,92.0833333333333,0.489578902594641,96.1241670211258,0.701546446156245,0.710681050900326
"slateau01",27,104,192,225,127,"R","SFG","OF",0.914,0.75,0.64,0.74,150,99,80,100,95,96,0.790833333333333,0.302730970366066,0.741443443734263,0.012,96,115.5,0.302730970366066,104.692330040674,0.742090905016463,0.750340765059074
"smithdo02",25,199,197,149,183,"L","NYM","OF",0.993,0.881,0.675,0.658,166,134,83,74,98,94,0.876166666666667,0.312320916905444,0.7687741165234,0.024,98,134.583333333333,0.312320916905444,110.801098376313,0.794906030028653,0.787224695319962
"sogarer01",34,128,442,113,299,"L","CHC","2B",0.56,0.810653846153846,0.406,0.77,55,115.730769230769,15,109,98,100,0.605051282051282,0.362719065321296,0.67830590846576,-0.015,98,65.2435897435897,0.362719065321296,87.3931873578714,0.64329619643572,0.668131319820451
"solerjo01",28,174,679,257,110,"R","KCR","OF",0.769,0.922,0.82,0.503,107,136,123,32,102,101,0.83275,0.480519480519481,0.774178571428571,0.006,101,120.666666666667,0.480519480519481,109.930735930736,0.797018020811688,0.778823642857143
"springe01",30,222,556,620,629,"R","TOR","OF",0.899,0.974,0.78,0.889,143,155,119,140,103,100,0.89425,0.53810623556582,0.813765011547344,-0.003,100,141,0.53810623556582,122.062355658199,0.843093508660508,0.811323716512702
"storytr01",27,259,656,656,555,"R","COL","SS",0.874,0.917,0.914,0.765,117,122,128,82,113,116,0.898333333333333,0.56694334175388,0.821104895946109,0.012,116,121.416666666667,0.56694334175388,112.142036569229,0.914919339732949,0.830958154697462
"suareeu01",28,231,662,606,632,"R","CIN","3B",0.781,0.93,0.892,0.828,100,130,135,116,104,101,0.858416666666667,0.555390885513153,0.796875355069779,0.006,101,118.75,0.555390885513153,110.413579103372,0.820660444145054,0.801656607200198
"suzukku01",36,129,309,388,309,"R","LAA","C",0.745,0.809,0.776,0.887,102,105,107,126,101,101,0.774083333333333,0.407699901283317,0.742049769661073,-0.021,101,104.25,0.407699901283317,101.732724580454,0.732594181516535,0.72646672449819
"swansda01",26,264,545,533,551,"R","ATL","SS",0.809,0.748,0.699,0.636,115,91,79,63,99,104,0.761166666666667,0.5279307631786,0.741733149750852,0.018,104,98,0.5279307631786,98.9441384736428,0.768665592777341,0.755084346446368
"tayloch03",29,214,414,604,568,"R","LAD","OF",0.842,0.794,0.775,0.85,129,106,113,126,98,98,0.80925,0.506578947368421,0.765212171052632,0,98,117.333333333333,0.506578947368421,108.780701754386,0.770204259868421,0.765212171052632
"troutmi01",28,241,600,608,507,"R","LAA","OF",0.993,1.083,1.088,1.071,160,177,188,180,101,101,1.04675,0.546998867497169,0.8987318799547,0.006,101,172.666666666667,0.546998867497169,139.748584371461,0.965882854085504,0.904124271234428
"turneju01",35,175,549,426,543,"R","LAD","3B",0.86,0.881,0.924,0.945,138,131,154,151,98,98,0.883,0.48936170212766,0.799765957446809,-0.018,98,139.666666666667,0.48936170212766,119.41134751773,0.80546880893617,0.785370170212766
"turnetr01",27,259,569,740,447,"R","WSN","SS",0.982,0.85,0.76,0.789,159,118,105,104,107,104,0.8825,0.566473988439306,0.812052023121387,0.012,104,131.833333333333,0.566473988439306,118.032755298651,0.864199747976879,0.821796647398844
"uptonju01",32,166,256,613,635,"R","LAA","OF",0.711,0.724,0.808,0.90092125984252,91,89,121,137.637795275591,101,101,0.739583333333333,0.463087248322148,0.729068791946309,-0.009,101,97.8333333333333,0.463087248322148,98.996644295302,0.724674876468121,0.722507172818792
"vazquch01",29,189,521,269,345,"R","BOS","C",0.801,0.798,0.54,0.735,114,102,42,92,106,104,0.73475,0.449288664525011,0.726627007801744,0,104,92,0.449288664525011,96.4056906837999,0.735983742542451,0.726627007801744
"villajo01",29,128,714,515,436,"B","NYM","3B",0.591685990338164,0.792,0.709497087378641,0.665,63.8260869565217,107,94.4155339805825,72,98,94,0.687910101152229,0.53070003910833,0.702969889426505,0,96.88,85.864753060363,0.53070003910833,92.4984238963288,0.681201289562165,0.718075825875929
"voitlu01",29,234,510,148,124,"R","NYY","1B",0.948,0.842,1.095,0.736,153,126,195,95,101,103,0.949416666666667,0.426386233269598,0.817820108349267,0,103,154.5,0.426386233269598,123.238049713193,0.863550201561504,0.817820108349267
"vottojo01",36,223,608,623,707,"L","CIN","1B",0.8,0.768,0.837,1.032,110,98,130,163,104,101,0.798583333333333,0.547852298417483,0.763052059783974,-0.021,104,111,0.547852298417483,106.026375282592,0.770646506266013,0.74702796652851
"winkeje01",26,183,384,334,137,"L","CIN","OF",0.932,0.83,0.836,0.904,142,111,127,134,104,101,0.874,0.428843407901,0.786041884816754,0.018,104,127.916666666667,0.428843407901,111.97187847057,0.833433956515945,0.800190638743455
"wolteto01",28,109,411,216,266,"L","CHC","C",0.55,0.666,0.577,0.625,37,63,46,50,98,100,0.595416666666667,0.380165289256198,0.672637741046832,0.006,98,47.9166666666667,0.380165289256198,80.1997245179063,0.641394435123967,0.676673567493113
"wongko01",29,208,549,407,411,"L","MIL","2B",0.675,0.784,0.72,0.788,92,109,99,108,102,97,0.722583333333333,0.49238578680203,0.721271996615905,0,102,99.4166666666667,0.49238578680203,99.7127749576988,0.72807111252115,0.721271996615905
"yelicch01",28,247,580,651,695,"L","MIL","OF",0.786,0.11,0.1,0.807,114,174,167,117,102,97,0.389166666666667,0.551904406273338,0.537411625591237,0.006,102,147.25,0.551904406273338,126.077483196415,0.58359403210107,0.848780882499378
